{"train_err_ssl": 0.6207754611968994, "time_ssl": 0.1586288269609213, "_timestamp": 1699690433.4060535, "_runtime": 160.90134263038635, "_step": 1000, "test_error_ssl": 0.4571807086467743}