{"train_err": 0.014919066648311293, "time": 469.4869152121246, "_timestamp": 1699267565.2623844, "_runtime": 14391.76103234291, "_step": 21, "test_error": 0.0025418489530857186, "_wandb": {"runtime": 14391}}