{"train_err_ssl": 0.8302644491195679, "time_ssl": 0.33584670536220074, "_timestamp": 1699691818.9908872, "_runtime": 41.65967512130737, "_step": 98}