{"train_err_ssl": 0.5285773277282715, "time_ssl": 0.13183952309191227, "_timestamp": 1699686817.7942176, "_runtime": 69.10005450248718, "_step": 427}