{"train_err_ssl": 0.6167186319828033, "time_ssl": 0.6893861796706915, "_timestamp": 1699686429.7445638, "_runtime": 21.79979681968689, "_step": 19, "_wandb": {"runtime": 21}}