{"train_err_ssl": 0.3926104009151459, "time_ssl": 0.34579181484878063, "_timestamp": 1699691499.7297313, "_runtime": 167.23755741119385, "_step": 449}