{"train_err_ssl": 0.6139506697654724, "time_ssl": 0.13910078443586826, "_timestamp": 1699687582.2820914, "_runtime": 307.7166123390198, "_step": 1001, "test_error_ssl": 0.7236514091491699, "test_error_sl": 0.8328965902328491, "_wandb": {"runtime": 307}}