{"train_err_ssl": 0.4265116751194, "time_ssl": 0.17625269666314125, "_timestamp": 1699690573.4491317, "_runtime": 107.79517769813538, "_step": 567}