{"train_err_ssl": 0.4058266878128052, "time_ssl": 0.33583007752895355, "_timestamp": 1699691769.830876, "_runtime": 231.74644303321838, "_step": 660}