{"train_err_ssl": 0.3867667317390442, "time_ssl": 0.3282937593758106, "_timestamp": 1699691124.4038374, "_runtime": 117.34374952316284, "_step": 322}