{"train_err_ssl": 0.6629142522811889, "time_ssl": 0.6748917195945978, "_timestamp": 1699686634.4056704, "_runtime": 36.596389293670654, "_step": 21, "test_error_ssl": 0.983535885810852, "test_error_sl": 0.9513811111450196, "_wandb": {"runtime": 36}}