{"train_err_ssl": 0.7041146159172058, "time_ssl": 0.1445339396595955, "_timestamp": 1699689856.0376976, "_runtime": 136.06347250938416, "_step": 887}