{"train_err_ssl": 0.41770654916763306, "time_ssl": 0.15966214798390865, "_timestamp": 1699688369.9466114, "_runtime": 338.2991135120392, "_step": 1001, "test_error_ssl": 1.2741483449935913, "test_error_sl": 1.1546987295150757, "_wandb": {"runtime": 337}}