{"train_err_sl": 0.4354761838912964, "time_sl": 0.3996121846139431, "_timestamp": 1699692777.0574968, "_runtime": 154.5690257549286, "_step": 367}