{"train_err_ssl": 0.432233065366745, "time_ssl": 0.32964676804840565, "_timestamp": 1699690999.9393585, "_runtime": 60.95947241783142, "_step": 159}