{"train_err_ssl": 0.5625119209289551, "time_ssl": 0.3443535156548023, "_timestamp": 1699692296.654235, "_runtime": 125.70378279685974, "_step": 334}