{"train_err_ssl": 0.6954943537712097, "time_ssl": 0.13898349553346634, "_timestamp": 1699687777.518844, "_runtime": 81.18868279457092, "_step": 504}