{"train_err_ssl": 0.5910118579864502, "time_ssl": 0.6925073191523552, "_timestamp": 1699686171.178688, "_runtime": 21.973979949951172, "_step": 19, "_wandb": {"runtime": 21}}