{"train_err_ssl": 0.5445649027824402, "time_ssl": 0.14975949190557003, "_timestamp": 1699686882.3168342, "_runtime": 27.76660919189453, "_step": 135}