{"train_err_ssl": 0.5507035851478577, "time_ssl": 0.14617428369820118, "_timestamp": 1699689670.9243636, "_runtime": 105.1759705543518, "_step": 636}