{"train_err_ssl": 0.6976105570793152, "time_ssl": 0.1402370948344469, "_timestamp": 1699687122.8491218, "_runtime": 34.27718186378479, "_step": 101, "test_error_ssl": 0.5138336420059204, "test_error_sl": 0.503945529460907, "_wandb": {"runtime": 33}}