{"train_err_ssl": 0.7006529569625854, "time_ssl": 0.2186645157635212, "_timestamp": 1699691299.018103, "_runtime": 17.790562868118286, "_step": 48}