{"train_err": 0.41094298572284177, "time": 139.10311901941895, "_timestamp": 1699659756.165281, "_runtime": 2811.760375022888, "_step": 19, "_wandb": {"runtime": 2811}}