{"train_err_ssl": 0.3885267376899719, "time_ssl": 0.2847573235630989, "_timestamp": 1699692069.2655687, "_runtime": 146.34710574150085, "_step": 497}