{"train_err_ssl": 0.40091919898986816, "time_ssl": 0.33200992457568645, "_timestamp": 1699691274.3613942, "_runtime": 142.4716920852661, "_step": 396}