{"train_err_ssl": 0.37718743085861206, "time_ssl": 0.1490021701902151, "_timestamp": 1699687074.1840363, "_runtime": 163.28659915924072, "_step": 1000, "test_error_ssl": 1.1922023296356201}