{"train_err_sl": 0.525140643119812, "time_sl": 0.4453558176755905, "_timestamp": 1699692803.5713785, "_runtime": 19.31399154663086, "_step": 25}