{"train_err_ssl": 0.6497376561164856, "time_ssl": 0.1601716224104166, "_timestamp": 1699690239.9788368, "_runtime": 96.88134169578552, "_step": 561}