{"train_err_ssl": 0.7018666863441467, "time_ssl": 0.13916214928030968, "_timestamp": 1699688015.8715525, "_runtime": 150.08318257331848, "_step": 1000, "test_error_ssl": 6.82594108581543}