{"train_err_ssl": 0.41456836462020874, "time_ssl": 0.4771486110985279, "_timestamp": 1699692615.352192, "_runtime": 64.04736399650574, "_step": 114}