{"train_err_ssl": 0.7063083648681641, "time_ssl": 0.13000882789492607, "_timestamp": 1699686710.187718, "_runtime": 34.96226692199707, "_step": 101, "test_error_ssl": 1.5951595306396484, "test_error_sl": 3.623199701309204, "_wandb": {"runtime": 34}}