{"train_err_ssl": 0.42857739329338074, "time_ssl": 0.20795381627976894, "_timestamp": 1699690760.857555, "_runtime": 126.79316282272339, "_step": 540}